,explainer_name,charact_phen_hard,charact_phen_soft,charact_gnn_hard,charact_gnn_soft
0,distance,0.798422293522596,0.510989154469534,0.7075728360861411,0.5017313098351748
1,gnnexplainer,0.6814364668207813,0.4942542439512678,0.6464535546846875,0.49547938751812054
2,ig,0.7604660364707752,0.5640548522905463,,
3,occlusion,0.6941842131257254,0.6814143211289848,0.6550526115088776,0.6696875603357704
4,pagerank,0.8258347076709635,0.5756130064813061,0.7268671739675762,0.5599774653865767
5,pgmexplainer,0.766050482254435,0.685662602440765,0.6991114653592537,0.6644129386835406
6,random,-0.18349883169370704,0.007239618017723305,0.20274419202140131,0.009395404870003562
7,sa,0.18136963422288285,0.21064703984663152,,
8,subgraphx,0.3853837267652032,0.4343440618933745,0.47042309567224483,0.4697388370777827
